timestamp,node_id,pid,name,cpu,memory,threads,status
2026-05-29T12:21:25.474687+00:00,test-node-1,1,proc-a,15,4,2,running
2026-05-29T12:21:25.474687+00:00,test-node-1,2,proc-b,7,2,1,sleeping
2026-05-29T12:36:23.514099+00:00,LAPTOP-RSR05V3M,4408,MemCompression,0.0,9.4,214,running
2026-05-29T12:36:23.514099+00:00,LAPTOP-RSR05V3M,31040,Code.exe,0.0,5.4,28,running
2026-05-29T12:36:23.514099+00:00,LAPTOP-RSR05V3M,30284,Code.exe,0.0,4.0,47,running
2026-05-29T12:36:23.514099+00:00,LAPTOP-RSR05V3M,12196,msedgewebview2.exe,0.0,3.8,35,running
2026-05-29T12:36:23.514099+00:00,LAPTOP-RSR05V3M,15844,Code.exe,0.0,3.7,13,running
2026-05-29T12:36:23.514099+00:00,LAPTOP-RSR05V3M,31452,vmmemWSL,0.0,3.5,49,running
2026-05-29T12:36:23.514099+00:00,LAPTOP-RSR05V3M,10104,chrome.exe,0.0,3.2,31,running
2026-05-29T12:36:23.514099+00:00,LAPTOP-RSR05V3M,10816,msedgewebview2.exe,0.0,2.8,58,running
2026-05-29T12:36:23.514099+00:00,LAPTOP-RSR05V3M,5640,MsMpEng.exe,0.0,1.3,64,running
2026-05-29T12:36:23.514099+00:00,LAPTOP-RSR05V3M,8648,chrome.exe,0.0,1.3,69,running
2026-05-29T12:36:35.980162+00:00,LAPTOP-RSR05V3M,0,System Idle Process,1339.4,0.0,48,running
2026-05-29T12:36:35.980162+00:00,LAPTOP-RSR05V3M,33672,python.exe,75.8,0.4,6,running
2026-05-29T12:36:35.980162+00:00,LAPTOP-RSR05V3M,31040,Code.exe,34.3,5.4,28,running
2026-05-29T12:36:35.980162+00:00,LAPTOP-RSR05V3M,34380,Code.exe,17.5,0.8,37,running
2026-05-29T12:36:35.980162+00:00,LAPTOP-RSR05V3M,4,System,17.5,0.0,484,running
2026-05-29T12:36:35.980162+00:00,LAPTOP-RSR05V3M,30284,Code.exe,14.7,3.7,47,running
2026-05-29T12:36:35.980162+00:00,LAPTOP-RSR05V3M,26688,dwm.exe,8.6,0.6,60,running
2026-05-29T12:36:35.980162+00:00,LAPTOP-RSR05V3M,10308,CrossDeviceService.exe,5.9,0.8,151,running
2026-05-29T12:36:35.980162+00:00,LAPTOP-RSR05V3M,6436,svchost.exe,5.5,0.1,11,running
2026-05-29T12:36:35.980162+00:00,LAPTOP-RSR05V3M,15844,Code.exe,5.4,3.7,13,running
2026-05-29T12:36:48.448887+00:00,LAPTOP-RSR05V3M,0,System Idle Process,1385.3,0.0,48,running
2026-05-29T12:36:48.448887+00:00,LAPTOP-RSR05V3M,33672,python.exe,74.3,0.4,8,running
2026-05-29T12:36:48.448887+00:00,LAPTOP-RSR05V3M,4,System,16.9,0.0,484,running
2026-05-29T12:36:48.448887+00:00,LAPTOP-RSR05V3M,30284,Code.exe,13.2,3.4,47,running
2026-05-29T12:36:48.448887+00:00,LAPTOP-RSR05V3M,31040,Code.exe,12.3,5.0,28,running
2026-05-29T12:36:48.448887+00:00,LAPTOP-RSR05V3M,24116,svchost.exe,6.2,0.1,19,running
2026-05-29T12:36:48.448887+00:00,LAPTOP-RSR05V3M,6436,svchost.exe,6.1,0.1,11,running
2026-05-29T12:36:48.448887+00:00,LAPTOP-RSR05V3M,26688,dwm.exe,5.9,0.6,60,running
2026-05-29T12:36:48.448887+00:00,LAPTOP-RSR05V3M,5640,MsMpEng.exe,5.4,1.3,64,running
2026-05-29T12:36:48.448887+00:00,LAPTOP-RSR05V3M,5504,RtkBtManServ.exe,3.7,0.0,9,running
2026-05-29T12:37:00.461190+00:00,LAPTOP-RSR05V3M,0,System Idle Process,1412.6,0.0,48,running
2026-05-29T12:37:00.461190+00:00,LAPTOP-RSR05V3M,33672,python.exe,75.9,0.4,8,running
2026-05-29T12:37:00.461190+00:00,LAPTOP-RSR05V3M,31040,Code.exe,30.2,5.0,28,running
2026-05-29T12:37:00.461190+00:00,LAPTOP-RSR05V3M,34380,Code.exe,12.7,0.7,37,running
2026-05-29T12:37:00.461190+00:00,LAPTOP-RSR05V3M,4,System,12.1,0.0,484,running
2026-05-29T12:37:00.461190+00:00,LAPTOP-RSR05V3M,26688,dwm.exe,11.2,0.6,60,running
2026-05-29T12:37:00.461190+00:00,LAPTOP-RSR05V3M,38880,Code.exe,5.2,0.7,53,running
2026-05-29T12:37:00.461190+00:00,LAPTOP-RSR05V3M,6436,svchost.exe,4.1,0.1,11,running
2026-05-29T12:37:00.461190+00:00,LAPTOP-RSR05V3M,30284,Code.exe,4.0,2.8,46,running
2026-05-29T12:37:00.461190+00:00,LAPTOP-RSR05V3M,24116,svchost.exe,3.9,0.1,18,running
2026-05-29T12:37:08.436138+00:00,LAPTOP-RSR05V3M,4408,MemCompression,0.0,9.4,214,running
2026-05-29T12:37:08.436138+00:00,LAPTOP-RSR05V3M,31040,Code.exe,0.0,5.2,28,running
2026-05-29T12:37:08.436138+00:00,LAPTOP-RSR05V3M,12196,msedgewebview2.exe,0.0,3.8,35,running
2026-05-29T12:37:08.436138+00:00,LAPTOP-RSR05V3M,15844,Code.exe,0.0,3.7,13,running
2026-05-29T12:37:08.436138+00:00,LAPTOP-RSR05V3M,31452,vmmemWSL,0.0,3.6,49,running
2026-05-29T12:37:08.436138+00:00,LAPTOP-RSR05V3M,30284,Code.exe,0.0,3.5,47,running
2026-05-29T12:37:08.436138+00:00,LAPTOP-RSR05V3M,10104,chrome.exe,0.0,3.2,31,running
2026-05-29T12:37:08.436138+00:00,LAPTOP-RSR05V3M,10816,msedgewebview2.exe,0.0,2.8,58,running
2026-05-29T12:37:08.436138+00:00,LAPTOP-RSR05V3M,8648,chrome.exe,0.0,1.4,69,running
2026-05-29T12:37:08.436138+00:00,LAPTOP-RSR05V3M,35132,chrome.exe,0.0,1.3,53,running
2026-05-29T12:37:13.403453+00:00,LAPTOP-RSR05V3M,0,System Idle Process,1315.9,0.0,48,running
2026-05-29T12:37:13.403453+00:00,LAPTOP-RSR05V3M,33672,python.exe,77.1,0.4,5,running
2026-05-29T12:37:13.403453+00:00,LAPTOP-RSR05V3M,31040,Code.exe,42.1,5.3,28,running
2026-05-29T12:37:13.403453+00:00,LAPTOP-RSR05V3M,34380,Code.exe,17.2,0.7,37,running
2026-05-29T12:37:13.403453+00:00,LAPTOP-RSR05V3M,30284,Code.exe,15.3,3.8,47,running
2026-05-29T12:37:13.403453+00:00,LAPTOP-RSR05V3M,4,System,11.4,0.0,484,running
2026-05-29T12:37:13.403453+00:00,LAPTOP-RSR05V3M,5640,MsMpEng.exe,8.7,1.2,64,running
2026-05-29T12:37:13.403453+00:00,LAPTOP-RSR05V3M,26688,dwm.exe,8.6,0.6,60,running
2026-05-29T12:37:13.403453+00:00,LAPTOP-RSR05V3M,10308,CrossDeviceService.exe,6.3,0.8,151,running
2026-05-29T12:37:13.403453+00:00,LAPTOP-RSR05V3M,24116,svchost.exe,5.8,0.1,18,running
2026-05-29T12:37:22.108437+00:00,LAPTOP-RSR05V3M,0,System Idle Process,1255.6,0.0,48,running
2026-05-29T12:37:22.108437+00:00,LAPTOP-RSR05V3M,39472,python.exe,79.0,0.4,6,running
2026-05-29T12:37:22.108437+00:00,LAPTOP-RSR05V3M,33672,python.exe,78.4,0.4,5,running
2026-05-29T12:37:22.108437+00:00,LAPTOP-RSR05V3M,31040,Code.exe,46.6,5.2,28,running
2026-05-29T12:37:22.108437+00:00,LAPTOP-RSR05V3M,4,System,15.3,0.0,483,running
2026-05-29T12:37:22.108437+00:00,LAPTOP-RSR05V3M,30284,Code.exe,15.1,3.9,47,running
2026-05-29T12:37:22.108437+00:00,LAPTOP-RSR05V3M,34380,Code.exe,14.9,0.7,37,running
2026-05-29T12:37:22.108437+00:00,LAPTOP-RSR05V3M,24116,svchost.exe,8.7,0.1,18,running
2026-05-29T12:37:22.108437+00:00,LAPTOP-RSR05V3M,26688,dwm.exe,8.5,0.6,60,running
2026-05-29T12:37:22.108437+00:00,LAPTOP-RSR05V3M,5640,MsMpEng.exe,6.9,1.3,64,running
2026-05-29T12:37:27.165563+00:00,LAPTOP-RSR05V3M,0,System Idle Process,1249.9,0.0,48,running
2026-05-29T12:37:27.165563+00:00,LAPTOP-RSR05V3M,33672,python.exe,78.8,0.4,5,running
2026-05-29T12:37:27.165563+00:00,LAPTOP-RSR05V3M,39472,python.exe,78.7,0.4,8,running
2026-05-29T12:37:27.165563+00:00,LAPTOP-RSR05V3M,31040,Code.exe,37.1,5.3,28,running
2026-05-29T12:37:27.165563+00:00,LAPTOP-RSR05V3M,4,System,19.3,0.0,483,running
2026-05-29T12:37:27.165563+00:00,LAPTOP-RSR05V3M,5640,MsMpEng.exe,13.7,1.4,64,running
2026-05-29T12:37:27.165563+00:00,LAPTOP-RSR05V3M,34380,Code.exe,10.5,0.7,37,running
2026-05-29T12:37:27.165563+00:00,LAPTOP-RSR05V3M,26688,dwm.exe,8.4,0.6,60,running
2026-05-29T12:37:27.165563+00:00,LAPTOP-RSR05V3M,24116,svchost.exe,7.3,0.1,18,running
2026-05-29T12:37:27.165563+00:00,LAPTOP-RSR05V3M,30284,Code.exe,7.1,3.9,47,running
2026-05-29T12:37:36.472365+00:00,LAPTOP-RSR05V3M,0,System Idle Process,1277.1,0.0,48,running
2026-05-29T12:37:36.472365+00:00,LAPTOP-RSR05V3M,33672,python.exe,77.4,0.4,5,running
2026-05-29T12:37:36.472365+00:00,LAPTOP-RSR05V3M,39472,python.exe,77.1,0.4,8,running
2026-05-29T12:37:36.472365+00:00,LAPTOP-RSR05V3M,4,System,16.6,0.0,483,running
2026-05-29T12:37:36.472365+00:00,LAPTOP-RSR05V3M,31040,Code.exe,12.2,5.3,28,running
2026-05-29T12:37:36.472365+00:00,LAPTOP-RSR05V3M,5640,MsMpEng.exe,11.9,1.4,65,running
2026-05-29T12:37:36.472365+00:00,LAPTOP-RSR05V3M,26688,dwm.exe,6.6,0.6,60,running
2026-05-29T12:37:36.472365+00:00,LAPTOP-RSR05V3M,24116,svchost.exe,5.0,0.1,18,running
2026-05-29T12:37:36.472365+00:00,LAPTOP-RSR05V3M,6436,svchost.exe,4.6,0.1,11,running
2026-05-29T12:37:36.472365+00:00,LAPTOP-RSR05V3M,5504,RtkBtManServ.exe,3.9,0.0,9,running
2026-05-29T12:37:41.446610+00:00,LAPTOP-RSR05V3M,0,System Idle Process,1292.1,0.0,48,running
2026-05-29T12:37:41.446610+00:00,LAPTOP-RSR05V3M,39472,python.exe,77.4,0.4,8,running
2026-05-29T12:37:41.446610+00:00,LAPTOP-RSR05V3M,33672,python.exe,77.0,0.4,5,running
2026-05-29T12:37:41.446610+00:00,LAPTOP-RSR05V3M,4,System,13.0,0.0,483,running
2026-05-29T12:37:41.446610+00:00,LAPTOP-RSR05V3M,31040,Code.exe,9.2,5.2,28,running
2026-05-29T12:37:41.446610+00:00,LAPTOP-RSR05V3M,24116,svchost.exe,6.3,0.1,18,running
2026-05-29T12:37:41.446610+00:00,LAPTOP-RSR05V3M,26688,dwm.exe,5.9,0.6,60,running
2026-05-29T12:37:41.446610+00:00,LAPTOP-RSR05V3M,5640,MsMpEng.exe,4.8,1.5,65,running
2026-05-29T12:37:41.446610+00:00,LAPTOP-RSR05V3M,10308,CrossDeviceService.exe,4.0,0.8,152,running
2026-05-29T12:37:41.446610+00:00,LAPTOP-RSR05V3M,11488,sihost.exe,3.2,0.2,13,running
2026-05-29T12:37:49.753886+00:00,LAPTOP-RSR05V3M,0,System Idle Process,1323.9,0.0,48,running
2026-05-29T12:37:49.753886+00:00,LAPTOP-RSR05V3M,39472,python.exe,77.4,0.4,8,running
2026-05-29T12:37:49.753886+00:00,LAPTOP-RSR05V3M,33672,python.exe,77.0,0.4,5,running
2026-05-29T12:37:49.753886+00:00,LAPTOP-RSR05V3M,4,System,14.0,0.0,484,running
2026-05-29T12:37:49.753886+00:00,LAPTOP-RSR05V3M,31040,Code.exe,11.3,5.2,28,running
2026-05-29T12:37:49.753886+00:00,LAPTOP-RSR05V3M,24116,svchost.exe,7.2,0.1,18,running
2026-05-29T12:37:49.753886+00:00,LAPTOP-RSR05V3M,5640,MsMpEng.exe,6.1,1.3,65,running
2026-05-29T12:37:49.753886+00:00,LAPTOP-RSR05V3M,26688,dwm.exe,6.0,0.5,60,running
2026-05-29T12:37:49.753886+00:00,LAPTOP-RSR05V3M,6436,svchost.exe,4.0,0.1,11,running
2026-05-29T12:37:49.753886+00:00,LAPTOP-RSR05V3M,5504,RtkBtManServ.exe,3.7,0.0,9,running
2026-05-29T12:37:54.926185+00:00,LAPTOP-RSR05V3M,0,System Idle Process,1333.0,0.0,48,running
2026-05-29T12:37:54.926185+00:00,LAPTOP-RSR05V3M,39472,python.exe,77.1,0.4,8,running
2026-05-29T12:37:54.926185+00:00,LAPTOP-RSR05V3M,33672,python.exe,77.0,0.4,5,running
2026-05-29T12:37:54.926185+00:00,LAPTOP-RSR05V3M,4,System,15.4,0.0,484,running
2026-05-29T12:37:54.926185+00:00,LAPTOP-RSR05V3M,31040,Code.exe,10.6,5.2,28,running
2026-05-29T12:37:54.926185+00:00,LAPTOP-RSR05V3M,24116,svchost.exe,7.2,0.1,18,running
2026-05-29T12:37:54.926185+00:00,LAPTOP-RSR05V3M,26688,dwm.exe,5.5,0.5,60,running
2026-05-29T12:37:54.926185+00:00,LAPTOP-RSR05V3M,5640,MsMpEng.exe,5.0,1.3,65,running
2026-05-29T12:37:54.926185+00:00,LAPTOP-RSR05V3M,6436,svchost.exe,4.4,0.1,11,running
2026-05-29T12:37:54.926185+00:00,LAPTOP-RSR05V3M,5504,RtkBtManServ.exe,3.9,0.0,9,running
2026-05-29T12:38:03.227385+00:00,LAPTOP-RSR05V3M,0,System Idle Process,1347.7,0.0,48,running
2026-05-29T12:38:03.227385+00:00,LAPTOP-RSR05V3M,39472,python.exe,77.3,0.4,5,running
2026-05-29T12:38:03.227385+00:00,LAPTOP-RSR05V3M,33672,python.exe,76.9,0.4,5,running
2026-05-29T12:38:03.227385+00:00,LAPTOP-RSR05V3M,4,System,14.0,0.0,485,running
2026-05-29T12:38:03.227385+00:00,LAPTOP-RSR05V3M,31040,Code.exe,8.2,5.3,28,running
2026-05-29T12:38:03.227385+00:00,LAPTOP-RSR05V3M,24116,svchost.exe,6.5,0.1,18,running
2026-05-29T12:38:03.227385+00:00,LAPTOP-RSR05V3M,26688,dwm.exe,5.2,0.5,60,running
2026-05-29T12:38:03.227385+00:00,LAPTOP-RSR05V3M,6436,svchost.exe,4.7,0.1,11,running
2026-05-29T12:38:03.227385+00:00,LAPTOP-RSR05V3M,5488,NahimicService.exe,4.2,0.1,11,running
2026-05-29T12:38:03.227385+00:00,LAPTOP-RSR05V3M,5504,RtkBtManServ.exe,3.4,0.0,9,running
2026-05-29T12:38:08.202860+00:00,LAPTOP-RSR05V3M,0,System Idle Process,1346.2,0.0,48,running
2026-05-29T12:38:08.202860+00:00,LAPTOP-RSR05V3M,39472,python.exe,77.3,0.4,5,running
2026-05-29T12:38:08.202860+00:00,LAPTOP-RSR05V3M,33672,python.exe,76.9,0.4,5,running
2026-05-29T12:38:08.202860+00:00,LAPTOP-RSR05V3M,4,System,12.7,0.0,483,running
2026-05-29T12:38:08.202860+00:00,LAPTOP-RSR05V3M,31040,Code.exe,8.5,5.2,28,running
2026-05-29T12:38:08.202860+00:00,LAPTOP-RSR05V3M,24116,svchost.exe,5.8,0.1,18,running
2026-05-29T12:38:08.202860+00:00,LAPTOP-RSR05V3M,26688,dwm.exe,5.5,0.5,60,running
2026-05-29T12:38:08.202860+00:00,LAPTOP-RSR05V3M,6436,svchost.exe,5.1,0.1,11,running
2026-05-29T12:38:08.202860+00:00,LAPTOP-RSR05V3M,5488,NahimicService.exe,4.2,0.1,11,running
2026-05-29T12:38:08.202860+00:00,LAPTOP-RSR05V3M,5640,MsMpEng.exe,3.6,1.2,65,running
2026-05-29T12:38:16.586016+00:00,LAPTOP-RSR05V3M,0,System Idle Process,1345.3,0.0,48,running
2026-05-29T12:38:16.586016+00:00,LAPTOP-RSR05V3M,39472,python.exe,77.1,0.4,5,running
2026-05-29T12:38:16.586016+00:00,LAPTOP-RSR05V3M,33672,python.exe,76.5,0.4,5,running
2026-05-29T12:38:16.586016+00:00,LAPTOP-RSR05V3M,4,System,13.8,0.0,483,running
2026-05-29T12:38:16.586016+00:00,LAPTOP-RSR05V3M,26688,dwm.exe,5.8,0.5,60,running
2026-05-29T12:38:16.586016+00:00,LAPTOP-RSR05V3M,5640,MsMpEng.exe,4.5,1.3,65,running
2026-05-29T12:38:16.586016+00:00,LAPTOP-RSR05V3M,24116,svchost.exe,4.4,0.1,19,running
2026-05-29T12:38:16.586016+00:00,LAPTOP-RSR05V3M,31040,Code.exe,3.9,5.2,28,running
2026-05-29T12:38:16.586016+00:00,LAPTOP-RSR05V3M,6436,svchost.exe,3.9,0.1,11,running
2026-05-29T12:38:16.586016+00:00,LAPTOP-RSR05V3M,5504,RtkBtManServ.exe,3.8,0.0,9,running
2026-05-29T12:38:21.465013+00:00,LAPTOP-RSR05V3M,0,System Idle Process,1364.4,0.0,48,running
2026-05-29T12:38:21.465013+00:00,LAPTOP-RSR05V3M,39472,python.exe,76.9,0.4,5,running
2026-05-29T12:38:21.465013+00:00,LAPTOP-RSR05V3M,33672,python.exe,76.8,0.4,5,running
2026-05-29T12:38:21.465013+00:00,LAPTOP-RSR05V3M,4,System,12.7,0.0,483,running
2026-05-29T12:38:21.465013+00:00,LAPTOP-RSR05V3M,4408,MemCompression,10.4,10.2,214,running
2026-05-29T12:38:21.465013+00:00,LAPTOP-RSR05V3M,4288,svchost.exe,6.2,0.1,4,running
2026-05-29T12:38:21.465013+00:00,LAPTOP-RSR05V3M,26688,dwm.exe,5.5,0.5,60,running
2026-05-29T12:38:21.465013+00:00,LAPTOP-RSR05V3M,24116,svchost.exe,4.8,0.1,19,running
2026-05-29T12:38:21.465013+00:00,LAPTOP-RSR05V3M,5640,MsMpEng.exe,4.2,1.2,65,running
2026-05-29T12:38:21.465013+00:00,LAPTOP-RSR05V3M,31040,Code.exe,3.9,5.2,28,running
2026-05-29T12:38:29.837225+00:00,LAPTOP-RSR05V3M,0,System Idle Process,1350.8,0.0,48,running
2026-05-29T12:38:29.837225+00:00,LAPTOP-RSR05V3M,33672,python.exe,77.5,0.4,4,running
2026-05-29T12:38:29.837225+00:00,LAPTOP-RSR05V3M,39472,python.exe,76.8,0.4,5,running
2026-05-29T12:38:29.837225+00:00,LAPTOP-RSR05V3M,4408,MemCompression,14.2,10.5,214,running
2026-05-29T12:38:29.837225+00:00,LAPTOP-RSR05V3M,4,System,9.2,0.0,483,running
2026-05-29T12:38:29.837225+00:00,LAPTOP-RSR05V3M,4288,svchost.exe,6.2,0.1,4,running
2026-05-29T12:38:29.837225+00:00,LAPTOP-RSR05V3M,26688,dwm.exe,4.9,0.5,60,running
2026-05-29T12:38:29.837225+00:00,LAPTOP-RSR05V3M,24116,svchost.exe,4.2,0.1,19,running
2026-05-29T12:38:29.837225+00:00,LAPTOP-RSR05V3M,5640,MsMpEng.exe,3.9,1.2,65,running
2026-05-29T12:38:29.837225+00:00,LAPTOP-RSR05V3M,6436,svchost.exe,3.8,0.1,11,running
2026-05-29T12:38:34.719643+00:00,LAPTOP-RSR05V3M,0,System Idle Process,1343.8,0.0,48,running
2026-05-29T12:38:34.719643+00:00,LAPTOP-RSR05V3M,33672,python.exe,76.9,0.4,4,running
2026-05-29T12:38:34.719643+00:00,LAPTOP-RSR05V3M,39472,python.exe,76.7,0.4,5,running
2026-05-29T12:38:34.719643+00:00,LAPTOP-RSR05V3M,4,System,9.2,0.0,483,running
2026-05-29T12:38:34.719643+00:00,LAPTOP-RSR05V3M,31040,Code.exe,8.0,5.3,28,running
2026-05-29T12:38:34.719643+00:00,LAPTOP-RSR05V3M,24116,svchost.exe,6.4,0.1,19,running
2026-05-29T12:38:34.719643+00:00,LAPTOP-RSR05V3M,26688,dwm.exe,6.2,0.5,60,running
2026-05-29T12:38:34.719643+00:00,LAPTOP-RSR05V3M,6436,svchost.exe,4.2,0.1,11,running
2026-05-29T12:38:34.719643+00:00,LAPTOP-RSR05V3M,5640,MsMpEng.exe,4.0,1.2,65,running
2026-05-29T12:38:34.719643+00:00,LAPTOP-RSR05V3M,4408,MemCompression,3.9,10.5,214,running
2026-05-29T12:38:43.089858+00:00,LAPTOP-RSR05V3M,0,System Idle Process,1350.0,0.0,48,running
2026-05-29T12:38:43.089858+00:00,LAPTOP-RSR05V3M,39472,python.exe,76.7,0.4,5,running
2026-05-29T12:38:43.089858+00:00,LAPTOP-RSR05V3M,33672,python.exe,76.6,0.4,5,running
2026-05-29T12:38:43.089858+00:00,LAPTOP-RSR05V3M,31040,Code.exe,13.2,5.3,28,running
2026-05-29T12:38:43.089858+00:00,LAPTOP-RSR05V3M,4,System,9.8,0.0,483,running
2026-05-29T12:38:43.089858+00:00,LAPTOP-RSR05V3M,26688,dwm.exe,8.5,0.5,60,running
2026-05-29T12:38:43.089858+00:00,LAPTOP-RSR05V3M,24116,svchost.exe,8.1,0.1,19,running
2026-05-29T12:38:43.089858+00:00,LAPTOP-RSR05V3M,10308,CrossDeviceService.exe,5.1,0.6,151,running
2026-05-29T12:38:43.089858+00:00,LAPTOP-RSR05V3M,6436,svchost.exe,4.5,0.1,11,running
2026-05-29T12:38:43.089858+00:00,LAPTOP-RSR05V3M,5640,MsMpEng.exe,4.1,1.2,65,running
2026-05-29T12:38:48.005806+00:00,LAPTOP-RSR05V3M,0,System Idle Process,1340.8,0.0,48,running
2026-05-29T12:38:48.005806+00:00,LAPTOP-RSR05V3M,33672,python.exe,77.1,0.4,5,running
2026-05-29T12:38:48.005806+00:00,LAPTOP-RSR05V3M,39472,python.exe,76.8,0.4,5,running
2026-05-29T12:38:48.005806+00:00,LAPTOP-RSR05V3M,4,System,10.5,0.0,483,running
2026-05-29T12:38:48.005806+00:00,LAPTOP-RSR05V3M,31040,Code.exe,8.6,5.3,28,running
2026-05-29T12:38:48.005806+00:00,LAPTOP-RSR05V3M,26688,dwm.exe,8.0,0.5,60,running
2026-05-29T12:38:48.005806+00:00,LAPTOP-RSR05V3M,24116,svchost.exe,6.4,0.1,19,running
2026-05-29T12:38:48.005806+00:00,LAPTOP-RSR05V3M,6436,svchost.exe,5.2,0.1,11,running
2026-05-29T12:38:48.005806+00:00,LAPTOP-RSR05V3M,5640,MsMpEng.exe,4.2,1.2,65,running
2026-05-29T12:38:48.005806+00:00,LAPTOP-RSR05V3M,5504,RtkBtManServ.exe,3.9,0.0,9,running
2026-05-29T12:38:56.300067+00:00,LAPTOP-RSR05V3M,0,System Idle Process,1363.4,0.0,48,running
2026-05-29T12:38:56.300067+00:00,LAPTOP-RSR05V3M,33672,python.exe,77.0,0.4,5,running
2026-05-29T12:38:56.300067+00:00,LAPTOP-RSR05V3M,39472,python.exe,76.4,0.4,5,running
2026-05-29T12:38:56.300067+00:00,LAPTOP-RSR05V3M,4,System,8.9,0.0,483,running
2026-05-29T12:38:56.300067+00:00,LAPTOP-RSR05V3M,24116,svchost.exe,7.1,0.1,19,running
2026-05-29T12:38:56.300067+00:00,LAPTOP-RSR05V3M,26688,dwm.exe,6.6,0.5,60,running
2026-05-29T12:38:56.300067+00:00,LAPTOP-RSR05V3M,6436,svchost.exe,5.3,0.1,11,running
2026-05-29T12:38:56.300067+00:00,LAPTOP-RSR05V3M,5640,MsMpEng.exe,5.1,1.2,65,running
2026-05-29T12:38:56.300067+00:00,LAPTOP-RSR05V3M,31040,Code.exe,4.6,5.3,28,running
2026-05-29T12:38:56.300067+00:00,LAPTOP-RSR05V3M,5504,RtkBtManServ.exe,4.1,0.0,9,running
2026-05-29T12:39:01.221475+00:00,LAPTOP-RSR05V3M,0,System Idle Process,1354.2,0.0,48,running
2026-05-29T12:39:01.221475+00:00,LAPTOP-RSR05V3M,33672,python.exe,77.0,0.4,5,running
2026-05-29T12:39:01.221475+00:00,LAPTOP-RSR05V3M,39472,python.exe,76.6,0.4,5,running
2026-05-29T12:39:01.221475+00:00,LAPTOP-RSR05V3M,4,System,10.8,0.0,483,running
2026-05-29T12:39:01.221475+00:00,LAPTOP-RSR05V3M,24116,svchost.exe,7.4,0.1,19,running
2026-05-29T12:39:01.221475+00:00,LAPTOP-RSR05V3M,26688,dwm.exe,7.0,0.5,60,running
2026-05-29T12:39:01.221475+00:00,LAPTOP-RSR05V3M,31040,Code.exe,5.4,5.3,28,running
2026-05-29T12:39:01.221475+00:00,LAPTOP-RSR05V3M,5640,MsMpEng.exe,5.3,1.2,65,running
2026-05-29T12:39:01.221475+00:00,LAPTOP-RSR05V3M,6436,svchost.exe,4.7,0.1,11,running
2026-05-29T12:39:01.221475+00:00,LAPTOP-RSR05V3M,5504,RtkBtManServ.exe,4.5,0.0,9,running
2026-05-29T12:39:09.540780+00:00,LAPTOP-RSR05V3M,0,System Idle Process,1323.2,0.0,48,running
2026-05-29T12:39:09.540780+00:00,LAPTOP-RSR05V3M,39472,python.exe,77.2,0.4,5,running
2026-05-29T12:39:09.540780+00:00,LAPTOP-RSR05V3M,33672,python.exe,77.0,0.4,5,running
2026-05-29T12:39:09.540780+00:00,LAPTOP-RSR05V3M,4,System,13.1,0.0,483,running
2026-05-29T12:39:09.540780+00:00,LAPTOP-RSR05V3M,31040,Code.exe,12.6,5.3,28,running
2026-05-29T12:39:09.540780+00:00,LAPTOP-RSR05V3M,11016,gamingservices.exe,7.6,0.2,20,running
2026-05-29T12:39:09.540780+00:00,LAPTOP-RSR05V3M,26688,dwm.exe,7.2,0.5,60,running
2026-05-29T12:39:09.540780+00:00,LAPTOP-RSR05V3M,24116,svchost.exe,6.5,0.1,19,running
2026-05-29T12:39:09.540780+00:00,LAPTOP-RSR05V3M,5640,MsMpEng.exe,5.5,1.2,65,running
2026-05-29T12:39:09.540780+00:00,LAPTOP-RSR05V3M,6436,svchost.exe,5.1,0.1,11,running
2026-05-29T12:39:14.491703+00:00,LAPTOP-RSR05V3M,0,System Idle Process,1331.9,0.0,48,running
2026-05-29T12:39:14.491703+00:00,LAPTOP-RSR05V3M,33672,python.exe,77.1,0.4,5,running
2026-05-29T12:39:14.491703+00:00,LAPTOP-RSR05V3M,39472,python.exe,77.0,0.4,4,running
2026-05-29T12:39:14.491703+00:00,LAPTOP-RSR05V3M,31040,Code.exe,17.5,5.3,28,running
2026-05-29T12:39:14.491703+00:00,LAPTOP-RSR05V3M,4,System,10.9,0.0,483,running
2026-05-29T12:39:14.491703+00:00,LAPTOP-RSR05V3M,11016,gamingservices.exe,7.4,0.2,20,running
2026-05-29T12:39:14.491703+00:00,LAPTOP-RSR05V3M,26688,dwm.exe,7.3,0.5,60,running
2026-05-29T12:39:14.491703+00:00,LAPTOP-RSR05V3M,5640,MsMpEng.exe,5.8,1.2,65,running
2026-05-29T12:39:14.491703+00:00,LAPTOP-RSR05V3M,24116,svchost.exe,5.0,0.1,19,running
2026-05-29T12:39:14.491703+00:00,LAPTOP-RSR05V3M,6436,svchost.exe,4.4,0.1,11,running
2026-05-29T12:39:22.901963+00:00,LAPTOP-RSR05V3M,0,System Idle Process,1337.8,0.0,48,running
2026-05-29T12:39:22.901963+00:00,LAPTOP-RSR05V3M,33672,python.exe,77.5,0.4,5,running
2026-05-29T12:39:22.901963+00:00,LAPTOP-RSR05V3M,39472,python.exe,76.8,0.4,4,running
2026-05-29T12:39:22.901963+00:00,LAPTOP-RSR05V3M,31040,Code.exe,22.9,5.3,28,running
2026-05-29T12:39:22.901963+00:00,LAPTOP-RSR05V3M,4,System,11.6,0.0,483,running
2026-05-29T12:39:22.901963+00:00,LAPTOP-RSR05V3M,26688,dwm.exe,8.9,0.5,60,running
2026-05-29T12:39:22.901963+00:00,LAPTOP-RSR05V3M,5640,MsMpEng.exe,5.8,1.2,65,running
2026-05-29T12:39:22.901963+00:00,LAPTOP-RSR05V3M,34380,Code.exe,5.8,0.9,36,running
2026-05-29T12:39:22.901963+00:00,LAPTOP-RSR05V3M,24116,svchost.exe,4.8,0.1,19,running
2026-05-29T12:39:22.901963+00:00,LAPTOP-RSR05V3M,38880,Code.exe,4.1,0.7,52,running
2026-05-29T12:39:27.956171+00:00,LAPTOP-RSR05V3M,0,System Idle Process,1335.9,0.0,48,running
2026-05-29T12:39:27.956171+00:00,LAPTOP-RSR05V3M,33672,python.exe,77.4,0.4,5,running
2026-05-29T12:39:27.956171+00:00,LAPTOP-RSR05V3M,39472,python.exe,76.6,0.4,5,running
2026-05-29T12:39:27.956171+00:00,LAPTOP-RSR05V3M,31040,Code.exe,21.0,5.3,28,running
2026-05-29T12:39:27.956171+00:00,LAPTOP-RSR05V3M,4,System,12.0,0.0,483,running
2026-05-29T12:39:27.956171+00:00,LAPTOP-RSR05V3M,26688,dwm.exe,10.6,0.6,60,running
2026-05-29T12:39:27.956171+00:00,LAPTOP-RSR05V3M,24116,svchost.exe,9.0,0.1,19,running
2026-05-29T12:39:27.956171+00:00,LAPTOP-RSR05V3M,5640,MsMpEng.exe,6.2,1.2,65,running
2026-05-29T12:39:27.956171+00:00,LAPTOP-RSR05V3M,38880,Code.exe,4.0,0.7,52,running
2026-05-29T12:39:27.956171+00:00,LAPTOP-RSR05V3M,34380,Code.exe,3.9,0.9,37,running
2026-05-29T12:39:36.299346+00:00,LAPTOP-RSR05V3M,0,System Idle Process,1316.2,0.0,48,running
2026-05-29T12:39:36.299346+00:00,LAPTOP-RSR05V3M,33672,python.exe,76.7,0.4,5,running
2026-05-29T12:39:36.299346+00:00,LAPTOP-RSR05V3M,39472,python.exe,76.6,0.4,5,running
2026-05-29T12:39:36.299346+00:00,LAPTOP-RSR05V3M,31040,Code.exe,16.5,5.4,28,running
2026-05-29T12:39:36.299346+00:00,LAPTOP-RSR05V3M,26688,dwm.exe,11.8,0.6,60,running
2026-05-29T12:39:36.299346+00:00,LAPTOP-RSR05V3M,4,System,10.4,0.0,483,running
2026-05-29T12:39:36.299346+00:00,LAPTOP-RSR05V3M,24116,svchost.exe,8.1,0.1,19,running
2026-05-29T12:39:36.299346+00:00,LAPTOP-RSR05V3M,10308,CrossDeviceService.exe,6.7,0.6,151,running
2026-05-29T12:39:36.299346+00:00,LAPTOP-RSR05V3M,5640,MsMpEng.exe,5.9,1.2,66,running
2026-05-29T12:39:36.299346+00:00,LAPTOP-RSR05V3M,6436,svchost.exe,4.8,0.1,11,running
2026-05-29T12:39:41.279806+00:00,LAPTOP-RSR05V3M,0,System Idle Process,1302.8,0.0,48,running
2026-05-29T12:39:41.279806+00:00,LAPTOP-RSR05V3M,39472,python.exe,77.0,0.4,5,running
2026-05-29T12:39:41.279806+00:00,LAPTOP-RSR05V3M,33672,python.exe,76.8,0.4,5,running
2026-05-29T12:39:41.279806+00:00,LAPTOP-RSR05V3M,31040,Code.exe,24.1,5.4,28,running
2026-05-29T12:39:41.279806+00:00,LAPTOP-RSR05V3M,4,System,12.4,0.0,483,running
2026-05-29T12:39:41.279806+00:00,LAPTOP-RSR05V3M,26688,dwm.exe,10.0,0.6,60,running
2026-05-29T12:39:41.279806+00:00,LAPTOP-RSR05V3M,10308,CrossDeviceService.exe,7.9,0.6,151,running
2026-05-29T12:39:41.279806+00:00,LAPTOP-RSR05V3M,24116,svchost.exe,7.5,0.1,19,running
2026-05-29T12:39:41.279806+00:00,LAPTOP-RSR05V3M,34380,Code.exe,5.3,0.8,37,running
2026-05-29T12:39:41.279806+00:00,LAPTOP-RSR05V3M,5640,MsMpEng.exe,5.1,1.2,66,running
2026-05-29T12:39:49.538863+00:00,LAPTOP-RSR05V3M,0,System Idle Process,1301.1,0.0,48,running
2026-05-29T12:39:49.538863+00:00,LAPTOP-RSR05V3M,39472,python.exe,76.7,0.4,5,running
2026-05-29T12:39:49.538863+00:00,LAPTOP-RSR05V3M,33672,python.exe,76.5,0.4,5,running
2026-05-29T12:39:49.538863+00:00,LAPTOP-RSR05V3M,31040,Code.exe,21.0,5.3,28,running
2026-05-29T12:39:49.538863+00:00,LAPTOP-RSR05V3M,4,System,15.6,0.0,483,running
2026-05-29T12:39:49.538863+00:00,LAPTOP-RSR05V3M,24116,svchost.exe,11.2,0.1,19,running
2026-05-29T12:39:49.538863+00:00,LAPTOP-RSR05V3M,26688,dwm.exe,6.9,0.6,60,running
2026-05-29T12:39:49.538863+00:00,LAPTOP-RSR05V3M,5640,MsMpEng.exe,5.7,1.2,66,running
2026-05-29T12:39:49.538863+00:00,LAPTOP-RSR05V3M,5504,RtkBtManServ.exe,5.4,0.0,9,running
2026-05-29T12:39:49.538863+00:00,LAPTOP-RSR05V3M,23820,svchost.exe,3.8,0.0,11,running
2026-05-29T12:39:54.552733+00:00,LAPTOP-RSR05V3M,0,System Idle Process,1321.4,0.0,48,running
2026-05-29T12:39:54.552733+00:00,LAPTOP-RSR05V3M,33672,python.exe,76.7,0.4,5,running
2026-05-29T12:39:54.552733+00:00,LAPTOP-RSR05V3M,39472,python.exe,76.5,0.4,5,running
2026-05-29T12:39:54.552733+00:00,LAPTOP-RSR05V3M,31040,Code.exe,19.7,5.4,28,running
2026-05-29T12:39:54.552733+00:00,LAPTOP-RSR05V3M,4,System,13.3,0.0,483,running
2026-05-29T12:39:54.552733+00:00,LAPTOP-RSR05V3M,24116,svchost.exe,8.4,0.1,19,running
2026-05-29T12:39:54.552733+00:00,LAPTOP-RSR05V3M,26688,dwm.exe,6.4,0.6,60,running
2026-05-29T12:39:54.552733+00:00,LAPTOP-RSR05V3M,5504,RtkBtManServ.exe,5.4,0.0,9,running
2026-05-29T12:39:54.552733+00:00,LAPTOP-RSR05V3M,5640,MsMpEng.exe,5.3,1.2,66,running
2026-05-29T12:39:54.552733+00:00,LAPTOP-RSR05V3M,6436,svchost.exe,4.4,0.1,11,running
2026-05-29T12:40:02.664390+00:00,LAPTOP-RSR05V3M,0,System Idle Process,1344.5,0.0,48,running
2026-05-29T12:40:02.664390+00:00,LAPTOP-RSR05V3M,33672,python.exe,77.6,0.4,5,running
2026-05-29T12:40:02.664390+00:00,LAPTOP-RSR05V3M,39472,python.exe,77.2,0.4,5,running
2026-05-29T12:40:02.664390+00:00,LAPTOP-RSR05V3M,31040,Code.exe,23.8,5.4,28,running
2026-05-29T12:40:02.664390+00:00,LAPTOP-RSR05V3M,4,System,9.9,0.0,483,running
2026-05-29T12:40:02.664390+00:00,LAPTOP-RSR05V3M,26688,dwm.exe,7.0,0.6,60,running
2026-05-29T12:40:02.664390+00:00,LAPTOP-RSR05V3M,24116,svchost.exe,6.4,0.1,19,running
2026-05-29T12:40:02.664390+00:00,LAPTOP-RSR05V3M,5504,RtkBtManServ.exe,4.4,0.0,9,running
2026-05-29T12:40:02.664390+00:00,LAPTOP-RSR05V3M,6436,svchost.exe,4.3,0.1,11,running
2026-05-29T12:40:02.664390+00:00,LAPTOP-RSR05V3M,34380,Code.exe,4.1,0.7,37,running
2026-05-29T12:40:07.798822+00:00,LAPTOP-RSR05V3M,0,System Idle Process,1340.3,0.0,48,running
2026-05-29T12:40:07.798822+00:00,LAPTOP-RSR05V3M,39472,python.exe,77.7,0.4,5,running
2026-05-29T12:40:07.798822+00:00,LAPTOP-RSR05V3M,33672,python.exe,77.4,0.4,5,running
2026-05-29T12:40:07.798822+00:00,LAPTOP-RSR05V3M,31040,Code.exe,13.5,5.3,28,running
2026-05-29T12:40:07.798822+00:00,LAPTOP-RSR05V3M,4,System,10.3,0.0,483,running
2026-05-29T12:40:07.798822+00:00,LAPTOP-RSR05V3M,26688,dwm.exe,6.8,0.6,60,running
2026-05-29T12:40:07.798822+00:00,LAPTOP-RSR05V3M,24116,svchost.exe,6.7,0.1,19,running
2026-05-29T12:40:07.798822+00:00,LAPTOP-RSR05V3M,5504,RtkBtManServ.exe,4.8,0.0,9,running
2026-05-29T12:40:07.798822+00:00,LAPTOP-RSR05V3M,5640,MsMpEng.exe,4.7,1.1,66,running
2026-05-29T12:40:07.798822+00:00,LAPTOP-RSR05V3M,6436,svchost.exe,3.8,0.1,11,running
2026-05-29T12:40:16.097932+00:00,LAPTOP-RSR05V3M,0,System Idle Process,1320.6,0.0,48,running
2026-05-29T12:40:16.097932+00:00,LAPTOP-RSR05V3M,39472,python.exe,76.9,0.4,5,running
2026-05-29T12:40:16.097932+00:00,LAPTOP-RSR05V3M,33672,python.exe,76.5,0.4,5,running
2026-05-29T12:40:16.097932+00:00,LAPTOP-RSR05V3M,4,System,12.2,0.0,483,running
2026-05-29T12:40:16.097932+00:00,LAPTOP-RSR05V3M,31040,Code.exe,6.7,5.3,28,running
2026-05-29T12:40:16.097932+00:00,LAPTOP-RSR05V3M,24116,svchost.exe,6.5,0.1,19,running
2026-05-29T12:40:16.097932+00:00,LAPTOP-RSR05V3M,26688,dwm.exe,6.1,0.6,60,running
2026-05-29T12:40:16.097932+00:00,LAPTOP-RSR05V3M,5640,MsMpEng.exe,5.3,1.3,66,running
2026-05-29T12:40:16.097932+00:00,LAPTOP-RSR05V3M,5504,RtkBtManServ.exe,5.1,0.0,9,running
2026-05-29T12:40:16.097932+00:00,LAPTOP-RSR05V3M,6436,svchost.exe,4.2,0.1,11,running
2026-05-29T12:40:21.230919+00:00,LAPTOP-RSR05V3M,0,System Idle Process,1326.0,0.0,48,running
2026-05-29T12:40:21.230919+00:00,LAPTOP-RSR05V3M,33672,python.exe,77.0,0.4,5,running
2026-05-29T12:40:21.230919+00:00,LAPTOP-RSR05V3M,39472,python.exe,76.9,0.4,5,running
2026-05-29T12:40:21.230919+00:00,LAPTOP-RSR05V3M,31040,Code.exe,12.3,5.4,28,running
2026-05-29T12:40:21.230919+00:00,LAPTOP-RSR05V3M,4,System,10.7,0.0,483,running
2026-05-29T12:40:21.230919+00:00,LAPTOP-RSR05V3M,26688,dwm.exe,6.7,0.6,60,running
2026-05-29T12:40:21.230919+00:00,LAPTOP-RSR05V3M,24116,svchost.exe,5.2,0.1,19,running
2026-05-29T12:40:21.230919+00:00,LAPTOP-RSR05V3M,6436,svchost.exe,4.7,0.1,11,running
2026-05-29T12:40:21.230919+00:00,LAPTOP-RSR05V3M,5640,MsMpEng.exe,4.4,1.2,65,running
2026-05-29T12:40:21.230919+00:00,LAPTOP-RSR05V3M,5504,RtkBtManServ.exe,4.4,0.0,9,running
2026-05-29T12:40:29.297913+00:00,LAPTOP-RSR05V3M,0,System Idle Process,1355.8,0.0,48,running
2026-05-29T12:40:29.297913+00:00,LAPTOP-RSR05V3M,33672,python.exe,77.5,0.4,5,running
2026-05-29T12:40:29.297913+00:00,LAPTOP-RSR05V3M,39472,python.exe,77.1,0.4,5,running
2026-05-29T12:40:29.297913+00:00,LAPTOP-RSR05V3M,31040,Code.exe,18.1,5.3,28,running
2026-05-29T12:40:29.297913+00:00,LAPTOP-RSR05V3M,26688,dwm.exe,7.4,0.5,60,running
2026-05-29T12:40:29.297913+00:00,LAPTOP-RSR05V3M,4,System,6.8,0.0,483,running
2026-05-29T12:40:29.297913+00:00,LAPTOP-RSR05V3M,34380,Code.exe,5.5,0.7,37,running
2026-05-29T12:40:29.297913+00:00,LAPTOP-RSR05V3M,5640,MsMpEng.exe,5.4,1.2,65,running
2026-05-29T12:40:29.297913+00:00,LAPTOP-RSR05V3M,24116,svchost.exe,5.3,0.1,19,running
2026-05-29T12:40:29.297913+00:00,LAPTOP-RSR05V3M,6436,svchost.exe,4.0,0.1,11,running
2026-05-29T12:40:34.593382+00:00,LAPTOP-RSR05V3M,0,System Idle Process,1332.4,0.0,48,running
2026-05-29T12:40:34.593382+00:00,LAPTOP-RSR05V3M,33672,python.exe,77.1,0.4,5,running
2026-05-29T12:40:34.593382+00:00,LAPTOP-RSR05V3M,39472,python.exe,76.6,0.4,5,running
2026-05-29T12:40:34.593382+00:00,LAPTOP-RSR05V3M,31040,Code.exe,15.6,5.4,28,running
2026-05-29T12:40:34.593382+00:00,LAPTOP-RSR05V3M,4,System,10.4,0.0,483,running
2026-05-29T12:40:34.593382+00:00,LAPTOP-RSR05V3M,26688,dwm.exe,7.3,0.5,60,running
2026-05-29T12:40:34.593382+00:00,LAPTOP-RSR05V3M,24116,svchost.exe,6.7,0.1,19,running
2026-05-29T12:40:34.593382+00:00,LAPTOP-RSR05V3M,5640,MsMpEng.exe,6.3,1.2,65,running
2026-05-29T12:40:34.593382+00:00,LAPTOP-RSR05V3M,34380,Code.exe,5.4,0.8,37,running
2026-05-29T12:40:34.593382+00:00,LAPTOP-RSR05V3M,6436,svchost.exe,3.3,0.1,11,running
2026-05-29T12:40:42.775292+00:00,LAPTOP-RSR05V3M,0,System Idle Process,1332.9,0.0,48,running
2026-05-29T12:40:42.775292+00:00,LAPTOP-RSR05V3M,33672,python.exe,76.3,0.4,5,running
2026-05-29T12:40:42.775292+00:00,LAPTOP-RSR05V3M,39472,python.exe,75.7,0.4,5,running
2026-05-29T12:40:42.775292+00:00,LAPTOP-RSR05V3M,10104,chrome.exe,12.4,3.2,31,running
2026-05-29T12:40:42.775292+00:00,LAPTOP-RSR05V3M,4,System,11.6,0.0,485,running
2026-05-29T12:40:42.775292+00:00,LAPTOP-RSR05V3M,31040,Code.exe,8.3,5.4,28,running
2026-05-29T12:40:42.775292+00:00,LAPTOP-RSR05V3M,26688,dwm.exe,6.1,0.5,60,running
2026-05-29T12:40:42.775292+00:00,LAPTOP-RSR05V3M,24116,svchost.exe,5.1,0.1,19,running
2026-05-29T12:40:42.775292+00:00,LAPTOP-RSR05V3M,5640,MsMpEng.exe,4.8,1.2,65,running
2026-05-29T12:40:42.775292+00:00,LAPTOP-RSR05V3M,10308,CrossDeviceService.exe,3.7,0.6,151,running
2026-05-29T12:40:47.788551+00:00,LAPTOP-RSR05V3M,0,System Idle Process,1345.6,0.0,48,running
2026-05-29T12:40:47.788551+00:00,LAPTOP-RSR05V3M,33672,python.exe,76.5,0.4,5,running
2026-05-29T12:40:47.788551+00:00,LAPTOP-RSR05V3M,39472,python.exe,75.5,0.4,5,running
2026-05-29T12:40:47.788551+00:00,LAPTOP-RSR05V3M,10104,chrome.exe,12.5,3.2,31,running
2026-05-29T12:40:47.788551+00:00,LAPTOP-RSR05V3M,4,System,7.7,0.0,485,running
2026-05-29T12:40:47.788551+00:00,LAPTOP-RSR05V3M,31040,Code.exe,6.3,5.4,28,running
2026-05-29T12:40:47.788551+00:00,LAPTOP-RSR05V3M,26688,dwm.exe,5.4,0.5,60,running
2026-05-29T12:40:47.788551+00:00,LAPTOP-RSR05V3M,10308,CrossDeviceService.exe,4.8,0.6,151,running
2026-05-29T12:40:47.788551+00:00,LAPTOP-RSR05V3M,24116,svchost.exe,4.5,0.1,19,running
2026-05-29T12:40:47.788551+00:00,LAPTOP-RSR05V3M,5640,MsMpEng.exe,3.7,1.2,65,running
2026-05-29T12:40:55.745631+00:00,LAPTOP-RSR05V3M,0,System Idle Process,1358.3,0.0,48,running
2026-05-29T12:40:55.745631+00:00,LAPTOP-RSR05V3M,33672,python.exe,76.8,0.4,5,running
2026-05-29T12:40:55.745631+00:00,LAPTOP-RSR05V3M,39472,python.exe,76.3,0.4,5,running
2026-05-29T12:40:55.745631+00:00,LAPTOP-RSR05V3M,31040,Code.exe,8.6,5.3,28,running
2026-05-29T12:40:55.745631+00:00,LAPTOP-RSR05V3M,4,System,7.1,0.0,485,running
2026-05-29T12:40:55.745631+00:00,LAPTOP-RSR05V3M,26688,dwm.exe,5.5,0.5,60,running
2026-05-29T12:40:55.745631+00:00,LAPTOP-RSR05V3M,24116,svchost.exe,4.3,0.1,19,running
2026-05-29T12:40:55.745631+00:00,LAPTOP-RSR05V3M,5640,MsMpEng.exe,3.7,1.2,65,running
2026-05-29T12:40:55.745631+00:00,LAPTOP-RSR05V3M,5504,RtkBtManServ.exe,2.7,0.0,9,running
2026-05-29T12:40:55.745631+00:00,LAPTOP-RSR05V3M,10308,CrossDeviceService.exe,1.9,0.6,151,running
2026-05-29T12:41:00.830249+00:00,LAPTOP-RSR05V3M,0,System Idle Process,1373.3,0.0,48,running
2026-05-29T12:41:00.830249+00:00,LAPTOP-RSR05V3M,33672,python.exe,76.4,0.4,5,running
2026-05-29T12:41:00.830249+00:00,LAPTOP-RSR05V3M,39472,python.exe,76.2,0.4,5,running
2026-05-29T12:41:00.830249+00:00,LAPTOP-RSR05V3M,4,System,9.0,0.0,483,running
2026-05-29T12:41:00.830249+00:00,LAPTOP-RSR05V3M,31040,Code.exe,8.3,5.3,28,running
2026-05-29T12:41:00.830249+00:00,LAPTOP-RSR05V3M,26688,dwm.exe,5.5,0.5,60,running
2026-05-29T12:41:00.830249+00:00,LAPTOP-RSR05V3M,24116,svchost.exe,4.8,0.1,19,running
2026-05-29T12:41:00.830249+00:00,LAPTOP-RSR05V3M,5640,MsMpEng.exe,3.9,1.2,65,running
2026-05-29T12:41:00.830249+00:00,LAPTOP-RSR05V3M,5504,RtkBtManServ.exe,2.9,0.0,9,running
2026-05-29T12:41:00.830249+00:00,LAPTOP-RSR05V3M,34380,Code.exe,2.0,0.8,37,running
2026-05-29T12:41:08.786318+00:00,LAPTOP-RSR05V3M,0,System Idle Process,1366.1,0.0,48,running
2026-05-29T12:41:08.786318+00:00,LAPTOP-RSR05V3M,33672,python.exe,76.8,0.4,5,running
2026-05-29T12:41:08.786318+00:00,LAPTOP-RSR05V3M,39472,python.exe,76.5,0.4,5,running
2026-05-29T12:41:08.786318+00:00,LAPTOP-RSR05V3M,4,System,12.1,0.0,483,running
2026-05-29T12:41:08.786318+00:00,LAPTOP-RSR05V3M,31040,Code.exe,9.5,5.3,28,running
2026-05-29T12:41:08.786318+00:00,LAPTOP-RSR05V3M,26688,dwm.exe,5.4,0.5,60,running
2026-05-29T12:41:08.786318+00:00,LAPTOP-RSR05V3M,24116,svchost.exe,3.7,0.1,19,running
2026-05-29T12:41:08.786318+00:00,LAPTOP-RSR05V3M,5640,MsMpEng.exe,3.6,1.1,65,running
2026-05-29T12:41:08.786318+00:00,LAPTOP-RSR05V3M,5504,RtkBtManServ.exe,2.9,0.0,9,running
2026-05-29T12:41:08.786318+00:00,LAPTOP-RSR05V3M,30284,Code.exe,2.3,3.4,46,running
2026-05-29T12:41:13.871930+00:00,LAPTOP-RSR05V3M,0,System Idle Process,1363.3,0.0,48,running
2026-05-29T12:41:13.871930+00:00,LAPTOP-RSR05V3M,39472,python.exe,76.9,0.4,5,running
2026-05-29T12:41:13.871930+00:00,LAPTOP-RSR05V3M,33672,python.exe,76.7,0.4,4,running
2026-05-29T12:41:13.871930+00:00,LAPTOP-RSR05V3M,31040,Code.exe,12.3,5.4,28,running
2026-05-29T12:41:13.871930+00:00,LAPTOP-RSR05V3M,4,System,11.6,0.0,483,running
2026-05-29T12:41:13.871930+00:00,LAPTOP-RSR05V3M,26688,dwm.exe,6.1,0.5,60,running
2026-05-29T12:41:13.871930+00:00,LAPTOP-RSR05V3M,24116,svchost.exe,4.3,0.1,19,running
2026-05-29T12:41:13.871930+00:00,LAPTOP-RSR05V3M,5640,MsMpEng.exe,3.4,1.2,65,running
2026-05-29T12:41:13.871930+00:00,LAPTOP-RSR05V3M,5504,RtkBtManServ.exe,3.0,0.0,9,running
2026-05-29T12:41:13.871930+00:00,LAPTOP-RSR05V3M,6436,svchost.exe,2.5,0.1,11,running
2026-05-29T12:41:21.876702+00:00,LAPTOP-RSR05V3M,0,System Idle Process,1355.6,0.0,48,running
2026-05-29T12:41:21.876702+00:00,LAPTOP-RSR05V3M,39472,python.exe,76.7,0.4,5,running
2026-05-29T12:41:21.876702+00:00,LAPTOP-RSR05V3M,33672,python.exe,76.1,0.4,4,running
2026-05-29T12:41:21.876702+00:00,LAPTOP-RSR05V3M,4,System,11.2,0.0,483,running
2026-05-29T12:41:21.876702+00:00,LAPTOP-RSR05V3M,24116,svchost.exe,8.9,0.1,18,running
2026-05-29T12:41:21.876702+00:00,LAPTOP-RSR05V3M,31040,Code.exe,8.0,5.4,28,running
2026-05-29T12:41:21.876702+00:00,LAPTOP-RSR05V3M,26688,dwm.exe,6.6,0.5,60,running
2026-05-29T12:41:21.876702+00:00,LAPTOP-RSR05V3M,5504,RtkBtManServ.exe,4.3,0.0,9,running
2026-05-29T12:41:21.876702+00:00,LAPTOP-RSR05V3M,5640,MsMpEng.exe,4.1,1.2,65,running
2026-05-29T12:41:21.876702+00:00,LAPTOP-RSR05V3M,10308,CrossDeviceService.exe,3.4,0.6,151,running
2026-05-29T12:41:26.913557+00:00,LAPTOP-RSR05V3M,0,System Idle Process,1354.8,0.0,48,running
2026-05-29T12:41:26.913557+00:00,LAPTOP-RSR05V3M,39472,python.exe,76.9,0.4,4,running
2026-05-29T12:41:26.913557+00:00,LAPTOP-RSR05V3M,33672,python.exe,76.2,0.4,4,running
2026-05-29T12:41:26.913557+00:00,LAPTOP-RSR05V3M,4,System,12.0,0.0,483,running
2026-05-29T12:41:26.913557+00:00,LAPTOP-RSR05V3M,24116,svchost.exe,8.5,0.1,18,running
2026-05-29T12:41:26.913557+00:00,LAPTOP-RSR05V3M,10308,CrossDeviceService.exe,6.1,0.6,151,running
2026-05-29T12:41:26.913557+00:00,LAPTOP-RSR05V3M,26688,dwm.exe,5.5,0.5,60,running
2026-05-29T12:41:26.913557+00:00,LAPTOP-RSR05V3M,31040,Code.exe,5.4,5.4,28,running
2026-05-29T12:41:26.913557+00:00,LAPTOP-RSR05V3M,5504,RtkBtManServ.exe,4.3,0.0,9,running
2026-05-29T12:41:26.913557+00:00,LAPTOP-RSR05V3M,5640,MsMpEng.exe,4.2,1.1,64,running
2026-05-29T12:41:34.861312+00:00,LAPTOP-RSR05V3M,0,System Idle Process,1354.0,0.0,48,running
2026-05-29T12:41:34.861312+00:00,LAPTOP-RSR05V3M,39472,python.exe,76.4,0.4,5,running
2026-05-29T12:41:34.861312+00:00,LAPTOP-RSR05V3M,33672,python.exe,76.0,0.4,4,running
2026-05-29T12:41:34.861312+00:00,LAPTOP-RSR05V3M,4,System,11.1,0.0,483,running
2026-05-29T12:41:34.861312+00:00,LAPTOP-RSR05V3M,31040,Code.exe,8.5,5.4,28,running
2026-05-29T12:41:34.861312+00:00,LAPTOP-RSR05V3M,26688,dwm.exe,7.2,0.5,60,running
2026-05-29T12:41:34.861312+00:00,LAPTOP-RSR05V3M,10308,CrossDeviceService.exe,6.0,0.6,151,running
2026-05-29T12:41:34.861312+00:00,LAPTOP-RSR05V3M,24116,svchost.exe,5.8,0.1,18,running
2026-05-29T12:41:34.861312+00:00,LAPTOP-RSR05V3M,5504,RtkBtManServ.exe,4.0,0.0,9,running
2026-05-29T12:41:34.861312+00:00,LAPTOP-RSR05V3M,5640,MsMpEng.exe,3.6,1.2,64,running
2026-05-29T12:41:40.000167+00:00,LAPTOP-RSR05V3M,0,System Idle Process,1342.3,0.0,48,running
2026-05-29T12:41:40.000167+00:00,LAPTOP-RSR05V3M,33672,python.exe,76.2,0.4,4,running
2026-05-29T12:41:40.000167+00:00,LAPTOP-RSR05V3M,39472,python.exe,75.8,0.4,5,running
2026-05-29T12:41:40.000167+00:00,LAPTOP-RSR05V3M,4,System,11.8,0.0,483,running
2026-05-29T12:41:40.000167+00:00,LAPTOP-RSR05V3M,31040,Code.exe,8.1,5.4,28,running
2026-05-29T12:41:40.000167+00:00,LAPTOP-RSR05V3M,10308,CrossDeviceService.exe,7.5,0.6,151,running
2026-05-29T12:41:40.000167+00:00,LAPTOP-RSR05V3M,26688,dwm.exe,7.3,0.5,60,running
2026-05-29T12:41:40.000167+00:00,LAPTOP-RSR05V3M,24116,svchost.exe,6.4,0.1,18,running
2026-05-29T12:41:40.000167+00:00,LAPTOP-RSR05V3M,5504,RtkBtManServ.exe,4.7,0.0,9,running
2026-05-29T12:41:40.000167+00:00,LAPTOP-RSR05V3M,5640,MsMpEng.exe,3.8,1.2,64,running
2026-05-29T12:41:47.908229+00:00,LAPTOP-RSR05V3M,0,System Idle Process,1342.4,0.0,48,running
2026-05-29T12:41:47.908229+00:00,LAPTOP-RSR05V3M,33672,python.exe,76.5,0.4,4,running
2026-05-29T12:41:47.908229+00:00,LAPTOP-RSR05V3M,39472,python.exe,76.3,0.4,5,running
2026-05-29T12:41:47.908229+00:00,LAPTOP-RSR05V3M,31040,Code.exe,12.2,5.3,28,running
2026-05-29T12:41:47.908229+00:00,LAPTOP-RSR05V3M,4,System,11.2,0.0,483,running
2026-05-29T12:41:47.908229+00:00,LAPTOP-RSR05V3M,10308,CrossDeviceService.exe,6.6,0.6,151,running
2026-05-29T12:41:47.908229+00:00,LAPTOP-RSR05V3M,26688,dwm.exe,6.2,0.5,60,running
2026-05-29T12:41:47.908229+00:00,LAPTOP-RSR05V3M,24116,svchost.exe,5.8,0.1,18,running
2026-05-29T12:41:47.908229+00:00,LAPTOP-RSR05V3M,34380,Code.exe,3.8,0.8,37,running
2026-05-29T12:41:47.908229+00:00,LAPTOP-RSR05V3M,38880,Code.exe,3.8,0.7,52,running
2026-05-29T12:41:53.043465+00:00,LAPTOP-RSR05V3M,0,System Idle Process,1346.4,0.0,48,running
2026-05-29T12:41:53.043465+00:00,LAPTOP-RSR05V3M,39472,python.exe,76.7,0.4,5,running
2026-05-29T12:41:53.043465+00:00,LAPTOP-RSR05V3M,33672,python.exe,76.5,0.4,4,running
2026-05-29T12:41:53.043465+00:00,LAPTOP-RSR05V3M,31040,Code.exe,16.4,5.4,28,running
2026-05-29T12:41:53.043465+00:00,LAPTOP-RSR05V3M,4,System,9.5,0.0,483,running
2026-05-29T12:41:53.043465+00:00,LAPTOP-RSR05V3M,26688,dwm.exe,8.1,0.5,60,running
2026-05-29T12:41:53.043465+00:00,LAPTOP-RSR05V3M,34380,Code.exe,5.6,0.8,37,running
2026-05-29T12:41:53.043465+00:00,LAPTOP-RSR05V3M,38880,Code.exe,4.9,0.7,52,running
2026-05-29T12:41:53.043465+00:00,LAPTOP-RSR05V3M,24116,svchost.exe,4.5,0.1,18,running
2026-05-29T12:41:53.043465+00:00,LAPTOP-RSR05V3M,5640,MsMpEng.exe,3.7,1.1,64,running
2026-05-29T12:42:01.103311+00:00,LAPTOP-RSR05V3M,0,System Idle Process,1348.5,0.0,48,running
2026-05-29T12:42:01.103311+00:00,LAPTOP-RSR05V3M,33672,python.exe,77.0,0.4,4,running
2026-05-29T12:42:01.103311+00:00,LAPTOP-RSR05V3M,39472,python.exe,76.8,0.4,4,running
2026-05-29T12:42:01.103311+00:00,LAPTOP-RSR05V3M,31040,Code.exe,19.5,5.4,28,running
2026-05-29T12:42:01.103311+00:00,LAPTOP-RSR05V3M,26688,dwm.exe,9.8,0.5,60,running
2026-05-29T12:42:01.103311+00:00,LAPTOP-RSR05V3M,4,System,9.5,0.0,483,running
2026-05-29T12:42:01.103311+00:00,LAPTOP-RSR05V3M,34380,Code.exe,5.5,0.7,37,running
2026-05-29T12:42:01.103311+00:00,LAPTOP-RSR05V3M,38880,Code.exe,4.4,0.7,52,running
2026-05-29T12:42:01.103311+00:00,LAPTOP-RSR05V3M,24116,svchost.exe,4.4,0.1,18,running
2026-05-29T12:42:01.103311+00:00,LAPTOP-RSR05V3M,5640,MsMpEng.exe,3.9,1.2,64,running
2026-05-29T12:42:06.079959+00:00,LAPTOP-RSR05V3M,0,System Idle Process,1358.6,0.0,48,running
2026-05-29T12:42:06.079959+00:00,LAPTOP-RSR05V3M,33672,python.exe,76.8,0.4,4,running
2026-05-29T12:42:06.079959+00:00,LAPTOP-RSR05V3M,39472,python.exe,76.5,0.4,4,running
2026-05-29T12:42:06.079959+00:00,LAPTOP-RSR05V3M,31040,Code.exe,25.2,5.3,28,running
2026-05-29T12:42:06.079959+00:00,LAPTOP-RSR05V3M,4,System,9.3,0.0,483,running
2026-05-29T12:42:06.079959+00:00,LAPTOP-RSR05V3M,26688,dwm.exe,8.8,0.5,60,running
2026-05-29T12:42:06.079959+00:00,LAPTOP-RSR05V3M,24116,svchost.exe,7.3,0.1,18,running
2026-05-29T12:42:06.079959+00:00,LAPTOP-RSR05V3M,34380,Code.exe,5.7,0.7,37,running
2026-05-29T12:42:06.079959+00:00,LAPTOP-RSR05V3M,38880,Code.exe,5.5,0.7,52,running
2026-05-29T12:42:06.079959+00:00,LAPTOP-RSR05V3M,5640,MsMpEng.exe,3.6,1.2,64,running
2026-05-29T12:42:14.230510+00:00,LAPTOP-RSR05V3M,0,System Idle Process,1342.3,0.0,48,running
2026-05-29T12:42:14.230510+00:00,LAPTOP-RSR05V3M,33672,python.exe,76.8,0.4,4,running
2026-05-29T12:42:14.230510+00:00,LAPTOP-RSR05V3M,39472,python.exe,76.7,0.4,4,running
2026-05-29T12:42:14.230510+00:00,LAPTOP-RSR05V3M,31040,Code.exe,21.4,5.4,28,running
2026-05-29T12:42:14.230510+00:00,LAPTOP-RSR05V3M,4,System,8.7,0.0,483,running
2026-05-29T12:42:14.230510+00:00,LAPTOP-RSR05V3M,24116,svchost.exe,8.3,0.1,18,running
2026-05-29T12:42:14.230510+00:00,LAPTOP-RSR05V3M,26688,dwm.exe,6.6,0.5,60,running
2026-05-29T12:42:14.230510+00:00,LAPTOP-RSR05V3M,34380,Code.exe,5.1,0.7,37,running
2026-05-29T12:42:14.230510+00:00,LAPTOP-RSR05V3M,38880,Code.exe,4.3,0.7,52,running
2026-05-29T12:42:14.230510+00:00,LAPTOP-RSR05V3M,5640,MsMpEng.exe,4.2,1.2,64,running
2026-05-29T12:42:19.180903+00:00,LAPTOP-RSR05V3M,0,System Idle Process,1336.3,0.0,48,running
2026-05-29T12:42:19.180903+00:00,LAPTOP-RSR05V3M,33672,python.exe,77.2,0.4,4,running
2026-05-29T12:42:19.180903+00:00,LAPTOP-RSR05V3M,39472,python.exe,77.1,0.4,4,running
2026-05-29T12:42:19.180903+00:00,LAPTOP-RSR05V3M,31040,Code.exe,16.5,5.4,28,running
2026-05-29T12:42:19.180903+00:00,LAPTOP-RSR05V3M,4,System,8.4,0.0,483,running
2026-05-29T12:42:19.180903+00:00,LAPTOP-RSR05V3M,26688,dwm.exe,7.7,0.5,60,running
2026-05-29T12:42:19.180903+00:00,LAPTOP-RSR05V3M,24116,svchost.exe,5.6,0.1,18,running
2026-05-29T12:42:19.180903+00:00,LAPTOP-RSR05V3M,5640,MsMpEng.exe,5.4,1.2,64,running
2026-05-29T12:42:19.180903+00:00,LAPTOP-RSR05V3M,5504,RtkBtManServ.exe,4.8,0.0,9,running
2026-05-29T12:42:19.180903+00:00,LAPTOP-RSR05V3M,38880,Code.exe,3.6,0.7,52,running
2026-05-29T12:42:27.411916+00:00,LAPTOP-RSR05V3M,0,System Idle Process,1335.5,0.0,48,running
2026-05-29T12:42:27.411916+00:00,LAPTOP-RSR05V3M,33672,python.exe,77.3,0.4,4,running
2026-05-29T12:42:27.411916+00:00,LAPTOP-RSR05V3M,39472,python.exe,77.3,0.4,4,running
2026-05-29T12:42:27.411916+00:00,LAPTOP-RSR05V3M,31040,Code.exe,16.3,5.3,28,running
2026-05-29T12:42:27.411916+00:00,LAPTOP-RSR05V3M,11808,mc-fw-host.exe,10.8,1.1,171,running
2026-05-29T12:42:27.411916+00:00,LAPTOP-RSR05V3M,4,System,10.8,0.0,483,running
2026-05-29T12:42:27.411916+00:00,LAPTOP-RSR05V3M,23240,msedgewebview2.exe,10.6,1.1,33,running
2026-05-29T12:42:27.411916+00:00,LAPTOP-RSR05V3M,5640,MsMpEng.exe,7.9,1.2,64,running
2026-05-29T12:42:27.411916+00:00,LAPTOP-RSR05V3M,26688,dwm.exe,7.2,0.5,60,running
2026-05-29T12:42:27.411916+00:00,LAPTOP-RSR05V3M,10308,CrossDeviceService.exe,4.7,0.6,151,running
2026-05-29T12:42:32.685879+00:00,LAPTOP-RSR05V3M,0,System Idle Process,1312.6,0.0,48,running
2026-05-29T12:42:32.685879+00:00,LAPTOP-RSR05V3M,39472,python.exe,77.4,0.4,4,running
2026-05-29T12:42:32.685879+00:00,LAPTOP-RSR05V3M,33672,python.exe,77.2,0.4,4,running
2026-05-29T12:42:32.685879+00:00,LAPTOP-RSR05V3M,31040,Code.exe,14.6,5.3,28,running
2026-05-29T12:42:32.685879+00:00,LAPTOP-RSR05V3M,4,System,11.1,0.0,484,running
2026-05-29T12:42:32.685879+00:00,LAPTOP-RSR05V3M,11808,mc-fw-host.exe,10.6,1.1,171,running
2026-05-29T12:42:32.685879+00:00,LAPTOP-RSR05V3M,23240,msedgewebview2.exe,10.4,0.1,33,running
2026-05-29T12:42:32.685879+00:00,LAPTOP-RSR05V3M,5640,MsMpEng.exe,6.5,1.2,65,running
2026-05-29T12:42:32.685879+00:00,LAPTOP-RSR05V3M,26688,dwm.exe,5.4,0.5,60,running
2026-05-29T12:42:32.685879+00:00,LAPTOP-RSR05V3M,10308,CrossDeviceService.exe,4.0,0.6,151,running
2026-05-29T12:42:40.930252+00:00,LAPTOP-RSR05V3M,0,System Idle Process,1331.6,0.0,48,running
2026-05-29T12:42:40.930252+00:00,LAPTOP-RSR05V3M,39472,python.exe,78.7,0.4,4,running
2026-05-29T12:42:40.930252+00:00,LAPTOP-RSR05V3M,33672,python.exe,78.3,0.4,4,running
2026-05-29T12:42:40.930252+00:00,LAPTOP-RSR05V3M,31040,Code.exe,20.8,5.4,28,running
2026-05-29T12:42:40.930252+00:00,LAPTOP-RSR05V3M,30284,Code.exe,13.2,3.8,47,running
2026-05-29T12:42:40.930252+00:00,LAPTOP-RSR05V3M,4,System,9.0,0.0,483,running
2026-05-29T12:42:40.930252+00:00,LAPTOP-RSR05V3M,34380,Code.exe,7.3,0.8,37,running
2026-05-29T12:42:40.930252+00:00,LAPTOP-RSR05V3M,4408,MemCompression,6.7,10.6,214,running
2026-05-29T12:42:40.930252+00:00,LAPTOP-RSR05V3M,26688,dwm.exe,5.9,0.5,60,running
2026-05-29T12:42:40.930252+00:00,LAPTOP-RSR05V3M,24116,svchost.exe,4.8,0.1,19,running
2026-05-29T12:42:46.055274+00:00,LAPTOP-RSR05V3M,0,System Idle Process,1365.8,0.0,48,running
2026-05-29T12:42:46.055274+00:00,LAPTOP-RSR05V3M,39472,python.exe,79.1,0.4,4,running
2026-05-29T12:42:46.055274+00:00,LAPTOP-RSR05V3M,33672,python.exe,78.5,0.4,4,running
2026-05-29T12:42:46.055274+00:00,LAPTOP-RSR05V3M,31040,Code.exe,27.9,5.4,28,running
2026-05-29T12:42:46.055274+00:00,LAPTOP-RSR05V3M,30284,Code.exe,19.7,3.9,47,running
2026-05-29T12:42:46.055274+00:00,LAPTOP-RSR05V3M,34380,Code.exe,12.3,0.8,37,running
2026-05-29T12:42:46.055274+00:00,LAPTOP-RSR05V3M,5640,MsMpEng.exe,8.6,1.3,65,running
2026-05-29T12:42:46.055274+00:00,LAPTOP-RSR05V3M,4,System,8.4,0.0,483,running
2026-05-29T12:42:46.055274+00:00,LAPTOP-RSR05V3M,26688,dwm.exe,7.2,0.5,60,running
2026-05-29T12:42:46.055274+00:00,LAPTOP-RSR05V3M,4408,MemCompression,6.3,10.6,214,running
2026-05-29T12:42:54.994506+00:00,LAPTOP-RSR05V3M,0,System Idle Process,1275.8,0.0,48,running
2026-05-29T12:42:54.994506+00:00,LAPTOP-RSR05V3M,39472,python.exe,77.0,0.4,4,running
2026-05-29T12:42:54.994506+00:00,LAPTOP-RSR05V3M,33672,python.exe,76.9,0.4,3,running
2026-05-29T12:42:54.994506+00:00,LAPTOP-RSR05V3M,31040,Code.exe,37.1,5.5,28,running
2026-05-29T12:42:54.994506+00:00,LAPTOP-RSR05V3M,34380,Code.exe,15.9,0.8,37,running
2026-05-29T12:42:54.994506+00:00,LAPTOP-RSR05V3M,4,System,14.8,0.0,484,running
2026-05-29T12:42:54.994506+00:00,LAPTOP-RSR05V3M,30284,Code.exe,10.6,3.9,47,running
2026-05-29T12:42:54.994506+00:00,LAPTOP-RSR05V3M,26688,dwm.exe,9.6,0.5,60,running
2026-05-29T12:42:54.994506+00:00,LAPTOP-RSR05V3M,5640,MsMpEng.exe,9.5,1.2,65,running
2026-05-29T12:42:54.994506+00:00,LAPTOP-RSR05V3M,38880,Code.exe,7.6,0.7,52,running
2026-05-29T12:43:00.559435+00:00,LAPTOP-RSR05V3M,0,System Idle Process,1255.4,0.0,48,running
2026-05-29T12:43:00.559435+00:00,LAPTOP-RSR05V3M,33672,python.exe,77.4,0.4,3,running
2026-05-29T12:43:00.559435+00:00,LAPTOP-RSR05V3M,39472,python.exe,77.1,0.4,4,running
2026-05-29T12:43:00.559435+00:00,LAPTOP-RSR05V3M,31040,Code.exe,46.1,5.4,28,running
2026-05-29T12:43:00.559435+00:00,LAPTOP-RSR05V3M,34380,Code.exe,16.2,0.9,37,running
2026-05-29T12:43:00.559435+00:00,LAPTOP-RSR05V3M,4,System,15.5,0.0,484,running
2026-05-29T12:43:00.559435+00:00,LAPTOP-RSR05V3M,26688,dwm.exe,10.6,0.6,60,running
2026-05-29T12:43:00.559435+00:00,LAPTOP-RSR05V3M,30284,Code.exe,8.8,4.1,47,running
2026-05-29T12:43:00.559435+00:00,LAPTOP-RSR05V3M,38880,Code.exe,8.2,0.7,52,running
2026-05-29T12:43:00.559435+00:00,LAPTOP-RSR05V3M,5640,MsMpEng.exe,5.0,1.2,65,running
2026-05-29T12:43:08.846481+00:00,LAPTOP-RSR05V3M,0,System Idle Process,1272.0,0.0,48,running
2026-05-29T12:43:08.846481+00:00,LAPTOP-RSR05V3M,33672,python.exe,77.4,0.4,3,running
2026-05-29T12:43:08.846481+00:00,LAPTOP-RSR05V3M,39472,python.exe,77.3,0.4,4,running
2026-05-29T12:43:08.846481+00:00,LAPTOP-RSR05V3M,31040,Code.exe,30.1,5.5,28,running
2026-05-29T12:43:08.846481+00:00,LAPTOP-RSR05V3M,4,System,12.4,0.0,483,running
2026-05-29T12:43:08.846481+00:00,LAPTOP-RSR05V3M,34380,Code.exe,9.3,0.9,37,running
2026-05-29T12:43:08.846481+00:00,LAPTOP-RSR05V3M,26688,dwm.exe,8.7,0.6,60,running
2026-05-29T12:43:08.846481+00:00,LAPTOP-RSR05V3M,30284,Code.exe,7.6,4.1,47,running
2026-05-29T12:43:08.846481+00:00,LAPTOP-RSR05V3M,24116,svchost.exe,5.7,0.1,19,running
2026-05-29T12:43:08.846481+00:00,LAPTOP-RSR05V3M,5640,MsMpEng.exe,5.6,1.2,65,running
2026-05-29T12:43:14.309189+00:00,LAPTOP-RSR05V3M,0,System Idle Process,1286.1,0.0,48,running
2026-05-29T12:43:14.309189+00:00,LAPTOP-RSR05V3M,33672,python.exe,77.1,0.4,4,running
2026-05-29T12:43:14.309189+00:00,LAPTOP-RSR05V3M,39472,python.exe,77.0,0.4,4,running
2026-05-29T12:43:14.309189+00:00,LAPTOP-RSR05V3M,31040,Code.exe,19.1,5.4,28,running
2026-05-29T12:43:14.309189+00:00,LAPTOP-RSR05V3M,4,System,12.0,0.0,483,running
2026-05-29T12:43:14.309189+00:00,LAPTOP-RSR05V3M,24116,svchost.exe,7.7,0.1,19,running
2026-05-29T12:43:14.309189+00:00,LAPTOP-RSR05V3M,26688,dwm.exe,6.9,0.6,60,running
2026-05-29T12:43:14.309189+00:00,LAPTOP-RSR05V3M,5640,MsMpEng.exe,5.3,1.2,65,running
2026-05-29T12:43:14.309189+00:00,LAPTOP-RSR05V3M,5504,RtkBtManServ.exe,4.6,0.0,9,running
2026-05-29T12:43:14.309189+00:00,LAPTOP-RSR05V3M,34380,Code.exe,3.9,0.9,37,running
2026-05-29T12:43:22.160479+00:00,LAPTOP-RSR05V3M,0,System Idle Process,1335.6,0.0,48,running
2026-05-29T12:43:22.160479+00:00,LAPTOP-RSR05V3M,33672,python.exe,77.7,0.4,4,running
2026-05-29T12:43:22.160479+00:00,LAPTOP-RSR05V3M,39472,python.exe,77.2,0.4,4,running
2026-05-29T12:43:22.160479+00:00,LAPTOP-RSR05V3M,31040,Code.exe,23.1,4.1,28,running
2026-05-29T12:43:22.160479+00:00,LAPTOP-RSR05V3M,4,System,10.9,0.0,483,running
2026-05-29T12:43:22.160479+00:00,LAPTOP-RSR05V3M,34380,Code.exe,9.7,1.0,37,running
2026-05-29T12:43:22.160479+00:00,LAPTOP-RSR05V3M,24116,svchost.exe,8.6,0.1,19,running
2026-05-29T12:43:22.160479+00:00,LAPTOP-RSR05V3M,4408,MemCompression,7.7,11.1,214,running
2026-05-29T12:43:22.160479+00:00,LAPTOP-RSR05V3M,26688,dwm.exe,7.1,0.6,60,running
2026-05-29T12:43:22.160479+00:00,LAPTOP-RSR05V3M,4288,svchost.exe,6.2,0.1,6,running
2026-05-29T12:43:27.737099+00:00,LAPTOP-RSR05V3M,0,System Idle Process,1302.1,0.0,48,running
2026-05-29T12:43:27.737099+00:00,LAPTOP-RSR05V3M,33672,python.exe,77.7,0.4,4,running
2026-05-29T12:43:27.737099+00:00,LAPTOP-RSR05V3M,39472,python.exe,77.3,0.4,4,running
2026-05-29T12:43:27.737099+00:00,LAPTOP-RSR05V3M,31040,Code.exe,25.6,4.1,28,running
2026-05-29T12:43:27.737099+00:00,LAPTOP-RSR05V3M,4,System,17.7,0.0,483,running
2026-05-29T12:43:27.737099+00:00,LAPTOP-RSR05V3M,34380,Code.exe,15.0,0.9,37,running
2026-05-29T12:43:27.737099+00:00,LAPTOP-RSR05V3M,24116,svchost.exe,9.2,0.1,19,running
2026-05-29T12:43:27.737099+00:00,LAPTOP-RSR05V3M,26688,dwm.exe,8.1,0.6,60,running
2026-05-29T12:43:27.737099+00:00,LAPTOP-RSR05V3M,4408,MemCompression,7.8,11.1,214,running
2026-05-29T12:43:27.737099+00:00,LAPTOP-RSR05V3M,5640,MsMpEng.exe,7.4,1.2,65,running
2026-05-29T12:43:35.744582+00:00,LAPTOP-RSR05V3M,0,System Idle Process,1266.2,0.0,48,running
2026-05-29T12:43:35.744582+00:00,LAPTOP-RSR05V3M,39472,python.exe,77.3,0.4,4,running
2026-05-29T12:43:35.744582+00:00,LAPTOP-RSR05V3M,33672,python.exe,76.8,0.4,4,running
2026-05-29T12:43:35.744582+00:00,LAPTOP-RSR05V3M,31040,Code.exe,30.0,4.2,28,running
2026-05-29T12:43:35.744582+00:00,LAPTOP-RSR05V3M,4,System,22.8,0.0,483,running
2026-05-29T12:43:35.744582+00:00,LAPTOP-RSR05V3M,34380,Code.exe,16.1,1.0,36,running
2026-05-29T12:43:35.744582+00:00,LAPTOP-RSR05V3M,30284,Code.exe,10.6,4.3,47,running
2026-05-29T12:43:35.744582+00:00,LAPTOP-RSR05V3M,26688,dwm.exe,8.6,0.6,60,running
2026-05-29T12:43:35.744582+00:00,LAPTOP-RSR05V3M,24116,svchost.exe,8.4,0.1,19,running
2026-05-29T12:43:35.744582+00:00,LAPTOP-RSR05V3M,10308,CrossDeviceService.exe,7.6,0.6,151,running
2026-05-29T12:43:41.303355+00:00,LAPTOP-RSR05V3M,0,System Idle Process,1286.3,0.0,48,running
2026-05-29T12:43:41.303355+00:00,LAPTOP-RSR05V3M,33672,python.exe,78.5,0.4,4,running
2026-05-29T12:43:41.303355+00:00,LAPTOP-RSR05V3M,39472,python.exe,78.3,0.4,3,running
2026-05-29T12:43:41.303355+00:00,LAPTOP-RSR05V3M,31040,Code.exe,31.9,4.2,28,running
2026-05-29T12:43:41.303355+00:00,LAPTOP-RSR05V3M,4,System,17.2,0.0,483,running
2026-05-29T12:43:41.303355+00:00,LAPTOP-RSR05V3M,30284,Code.exe,15.2,4.2,47,running
2026-05-29T12:43:41.303355+00:00,LAPTOP-RSR05V3M,34380,Code.exe,14.2,1.0,36,running
2026-05-29T12:43:41.303355+00:00,LAPTOP-RSR05V3M,10308,CrossDeviceService.exe,8.1,0.6,151,running
2026-05-29T12:43:41.303355+00:00,LAPTOP-RSR05V3M,26688,dwm.exe,7.6,0.6,60,running
2026-05-29T12:43:41.303355+00:00,LAPTOP-RSR05V3M,24116,svchost.exe,6.5,0.1,20,running
2026-05-29T12:43:49.310245+00:00,LAPTOP-RSR05V3M,0,System Idle Process,1281.9,0.0,48,running
2026-05-29T12:43:49.310245+00:00,LAPTOP-RSR05V3M,33672,python.exe,78.0,0.4,4,running
2026-05-29T12:43:49.310245+00:00,LAPTOP-RSR05V3M,39472,python.exe,77.2,0.4,3,running
2026-05-29T12:43:49.310245+00:00,LAPTOP-RSR05V3M,31040,Code.exe,23.5,4.2,28,running
2026-05-29T12:43:49.310245+00:00,LAPTOP-RSR05V3M,30284,Code.exe,16.8,3.4,47,running
2026-05-29T12:43:49.310245+00:00,LAPTOP-RSR05V3M,4,System,12.3,0.0,484,running
2026-05-29T12:43:49.310245+00:00,LAPTOP-RSR05V3M,5640,MsMpEng.exe,10.3,1.3,65,running
2026-05-29T12:43:49.310245+00:00,LAPTOP-RSR05V3M,34380,Code.exe,7.2,0.9,36,running
2026-05-29T12:43:49.310245+00:00,LAPTOP-RSR05V3M,26688,dwm.exe,7.1,0.6,60,running
2026-05-29T12:43:49.310245+00:00,LAPTOP-RSR05V3M,24116,svchost.exe,4.9,0.1,20,running
